slug,username
who-are-britains-new-mps,anna
full-house-nearly,Joe
our-candidates-crowdsourcer-live-may-2017,Joe
were-go-may-2017-and-when-candidate-not-candidate,Joe
second-sprint,Joe
goals-2017-2018,Joe
it-summer-yet,Joe
alexa-who-should-i-vote,Joe
happy-new-year,Joe
always-beta-evolving-our-approach,chris48s
are-you-local,Joe
one-where-we-make-plan,Joe
superwombles-and-other-stories,Joe
one-rose-it,Joe
live-notwestminster,Joe
under-the-hood-of-where-do-i-vote,chris48s
day-5-incubator,Joe
democracy-club-assemble,peter42
back-blog,Joe
invaluable-service-citizens,Joe
three-last-things-you-can-do-help-voters-election-day,Joe
how-polling-station-finder-helps-councils,symroe
nomination-papers-are-out-yournextmpcom-case,symroe
what-should-i-be-doing-run-general-election,symroe
review-year,Joe
one-voting-advice-applications,Joe
machine-learning-help-elections,symroe
shake-your-tictecs,Joe
week-three-big-somerset-house,Joe
lets-get-talking,symroe
restarting,symroe
odd-one-out,willmoy
mapping-projects,symroe
mysociety,symroe
a-fair-fight,willmoy
help-designers-wanted,symroe
ordnance-survey-are-getting-way-open-election-data,sym
day-after-ae17-and-round-week,Joe
one-snow-it,Joe
were-highway-may,Joe
service-registers-governmental-websites,symroe
one-where-we-went-bath,Joe
wordpress-plugin-meetyournextmpcom,James_Baster
developers-we-need-your-help,symroe
emailing-1800-people,symroe
find-your-polling-station,Joe
battle-most-popular-day-hustings-meetyournextmp-passes-500-events,James_Baster
how-can-you-take-3-minutes-sunny-weekend-make-democracy-better,symroe
whats-future-uks-electoral-commission,Joe
eight-weird-things-about-tomorrows-city-london-elections,Joe
now-we-are-three,Joe
we-think-theres-still-local-election-4-may,Joe
addressbase-and-openness,sym
when-you-have-cv-candidates-hustings,symroe
licensing-polling-district-data,symroe
data-feeds-newly-elected-mps-yournextmpcom,symroe
why-we-think-we-need-digital-polling-station-finder,symroe
plans-for-2016,Joe
frost-past-post,Joe
one-where-everyone-loves-polling-locations,Joe
courage-calls,Joe
youre-invited,Joe
the-one-where-dc-meets-a-vc,Joe
how-can-eu-referendum-be-better-everyone,symroe
timetable-pre-election-events,Joe
and-were-off-scotland-anyway,Joe
how-not-make-money,Joe
its-democracy-club-meets-glastonbury-festival-sort,Joe
week-5-feeling-white-heat,Joe
poor-mapping-data-harming-uks-democracy,sym
a-reply-to-ordnance-survey,sym
whats-in-a-club,Joe
to-wales-for-there-is-data-there,Joe
one-where-we-dont-have-much-time-left,Joe
where-do-i-vote-tour,chris48s
one-day-april-five-days-may-and-then-some-more-while-we-get-results,Joe
two-weeks-go-three-calls-action,Joe
they-said-it-couldnt-be-done-or-how-we-know-about-every-candidate-every-election-may,Joe
one-where-one-cant-be-too-careful,Joe
what-should-you-do-day-election,Joe
sprint-3-and-28-elections,sym
its-ge2017,Joe
what-women-candidates-want,rosew
its-five-week-countdown,Joe
six-days-until-local-elections-41-until-general-election,Joe
four-weeks-and-3165-pdfs-go,Joe
long-short-week,Joe
voter-id-what-voter-id-who,rosew
day-after-and-thirty-four-days,Joe
i-one-welcome-our-new-slackbot-overlords,chris48s
mention-from-minister,sym
its-april-already-nobody-panic,Joe
week-10-70-days,Joe
20-days-left-10000-edits-down-were-going-make-it,Joe
tgigf,Joe
week-12-finale-or-you-know-when-youve-been-incubated,Joe
27-days-go,Joe
looking-back-5-may-looking-forward-23-june,Joe
whats-next,Joe
can-your-peers-motivate-you-register-vote,Joe
8-out-10-cats-have-registered-vote-your-area,Joe
making-local-elections-better-finding-polling-stations-watching-govukregister-vote,Joe
where-do-131474-people-vote,symroe
back-school,Joe
elections-and-young-people-what-works-increase-voter-registration,Joe
hello-cambridge-hello-scotland-and-audis-everyone,Joe
650-volunteers-wanted,Joe
elections-and-young-people-part-one,Joe
road-may-2017,Joe
how-we-didnt-raise-any-money-over-summerand-what-we-do-next,Joe
five-days-go,Joe
time-democracy-club,Joe
were-looking-new-board-members,Joe
elections-and-young-people-what-can-we-do-differently,Joe
grand-tour,Joe
twas-blog-christmas,Joe
live-paris,Joe
keep-keeping,Joe
every-election,Joe
rolling-elections-welsh-electoral-reform-and-how-we-change-world,Joe
-elections-board-progress-and-using-london-lab,Joe
nineteen-days-go,Joe
becoming-part-democracy-club-community,sym
one-where-we-meet-minister,Joe
citizenship-civic-education-and-identity-digital-age,Joe
blogs-out-summer,Joe
where-do-i-vote-user-feedback-one,Joe
what-do-you-think-our-plans-2017,Joe
five-ways-help-democracy-weekend,Joe
thirteen-days-go-whats-happening-and-how-you-can-help,Joe
democracy-never-sleeps,Joe
one-where-were-brooklyn,Joe
democracy-needs-you-and-it-pays,Joe
new-york-london-cardiff,Joe
vc-er-and-sopns,Joe
one-lists-lists-lists,Joe
happy-results-friday,Joe
wanted-accountant,Joe
seven-weeks,sym
brexit-what-data-and-tools-does-uk-need,RichardPope
help-us-find-every-candidate-new-northern-ireland-assembly,Joe
plotting-year-ahead,Joe
one-halfway-review,Joe
and-now-bbc-one-democracy-club,Joe
its-most-wonderful-blog-year,Joe
healthy-democracy-women-candidates-and-hustings,Joe
its-oh-so-quiet,Joe
parties-polling-progress-and-popular-pursuits-election-info,Joe
14182-candidates-and-counting,Joe
so-long-farewell,rosew
election-data-parties,Joe
one-annual-report,Joe
it-must-be-summer,Joe
one-where-we-dont-win-awards-are-totally-fine-about-it,Joe
why-we-cant-rely-gss-codes-and-what-do-about-it,symroe
help-us-scale-event-snap-election,symroe
on-election-alert,Joe
one-goals-2018-2019,Joe
not-good-enough-or-one-user-feedback,Joe
one-first-book-club,Joe
how-write-your-own-epitaph,Joe
quick-review-euros-and-whats-next,Joe
blog-transformed,Joe
chocolate-democracy,Joe
one-doesnt-even-mention-brexit-once,Joe
may-2019-local-democracy-week-and-how-restore-and-renew-democracy,Joe
one-exciting-new-quest,Joe
long-black-friday,Joe
jobs-candidate-data-ideas-america,Joe
one-silver-screen,Joe
one-where-its-nearly-december,Joe
its-most-productive-time-year,Joe
whos-naughty-or-nice,Joe
pexit-means-pexit,peter42
lucy-light-lucy-light-shortest-day-medium-sized-blog,Joe
one-ella,Joe
one-week-26666-candidates,Joe
its-2019,Joe
party-democracy,Joe
show-me-money,Joe
what-changed,symroe
what-might-scrapers-councillors-look,symroe
what-would-it-take-make-list-all-representatives-uk,symroe
one-where-we-think-about-partying,Joe
request-csv-users,symroe
get-crowdsourcing-may-2019,Joe
no-no-no-no-no-no-noyes,Joe
55-days-go,Joe
three-months-go,Joe
dydd-gyl-dewi-hapus,Joe
lets-party-local-democracy,Joe
tick-tock-tick-tock,Joe
138-hours-go,Joe
wombles-assemble,Joe
two-weeks-go,Joe
day-after-yesterday,Joe
one-loads-asks-help,Joe
polls-again,Joe
why-cant-we-cover-every-address-wheredoivotecouk,Joe
howdy-partner,Joe
one-widget-rule-them-all,Joe
one-wrap,Joe
review-20182019-part-one,Joe
one-bank-holiday,Joe
one-heatwave,Joe
users-have-spoken,Joe
draft-goals-year-through-may-2020,Joe
how-do-you-solve-problem-polling-locations,Joe
events-dear-blog-events,Joe
one-where-its-august-still-quite-busy,Joe
weve-got-board,Joe
education-education-education-mps,Joe
4314-times-when-postcodes-arent-good-enough,symroe
one-some-breathing-space,Joe
what-goes-who,Joe
guess-whos-back,Joe
back-future-data-reuse,Joe
its-on,Joe
one-possible-api-terms-use-changes,Joe
five,Joe
another-sopnday-comes-and-goes,Joe
three,Joe
two,Joe
one,Joe
electoral-commission-20,peter42
why-are-there-several-different-polling-station-finders,Joe
election-fit-digital-natives,KateSeary
how-do-you-even-say,KateSeary
one-where-its-2020,Joe
letter-john-pullinger,symroe
spreadsheets-get-your-spreadsheets,Joe
what-van-halen-can-teach-us-about-data,symroe
democracy-postponed,peter42
The-Users-Strike-Back,peter42
vox-user-vox-dei-ge2019,peter42
its-election-season-again,Joe
one-where-we-pause-bit,Joe
how-british-library-used-democracy-club-data-record-changing-elections,JerryJenkins
the-real-one,symroe
whocanivotefor-gets-refresh,peter42
2703-future-councillors,peter42
parish-councils-whocanivotefor,peter42
politicians-favourite-biscuit,peter42
35500-polling-stations,peter42
presenting-ge2019-report,peter42
help-us-make-id-election-uk,symroe
Tracking-International-Users,peter42
hwyl-fawr-ffrindiaugoodbye-friends,KateSeary
devolving-work,peter42
we-need-single-agency-be-responsible-uk-elections,symroe
2021-elections-report,peter42
were-back,peter42
making-every-election,Joe
2021-election-data-through-gendered-lens,KateSeary
where-and-who-users,peter42
2021-english-local-elections,peter42
most-complex-elections-ever,peter42
wrapping-our-research-representatives-now,symroe
how-useful-scraped-councillor-data,symroe
finding-links-lists-representatives,symroe
representatives-referendums-and-redesigns,peter42
2087285-postcode-searches,peter42
Tell_me_what_you_want,KateSeary
were-looking-some-more-directors,olly.benson
2022-and-beyond-an-updated-strategy,symroe
autumn-update,peter42
getting-a-list-of-candidates-is-harder-than-you-think,virginia
one-square-mile-of-democracy,peter42
testing-the-representatives-project,peter42
now-we-are-six,Joe
whats-up-for-election-in-2022,eleesha
hello-im-joining-democracy-club-as-interim-ceo,mevan
local-elections-2022-join-hundreds-of-others-to-improve-this-years-elections,peter42
introducing-the-team-for-2022,peter42
user-feedback-review-2022,eleesha
test-blog-with-images,virginia
2022-local-election-data-summary,peter42
pwy-alla-i-bleidleisio-ar-gyfer,peter42
the-one-where-we-celebrate-all-the-polling-stations,peter42
2022-postcode-search-summary,peter42
charts-graphs-the-2022-local-elections,peter42